Workbook

Sheet Ordenes
A1: OrderKey | B1: FechaIngreso | C1: HoraIngreso | D1: Tipo | E1: FuenteTipo | F1: StatusDesc | G1: UnidadesPedidas | H1: Unidades BBDD | I1: Diff | J1: Unid_Accesories | K1: Unid_Apparel | L1: Unid_Footwear | M1: UnidadesConfirmadas | N1: FechaConfirmacion | O1: Quiebre
A2: 0000764635 | B2: 46296 | C2: 00:10:37 | D2: Single | E2: Inferido (unidades BWD) | F2: 9 · Despachada | G2: 1 | H2: =+VLOOKUP(A2,BBDD!B:E,4,0) -> 1 | I2: =+H2-G2 -> 0 | J2: 0 | K2: 0 | L2: 1 | M2: 1 | N2: 46296 | O2: 0
A3: 0000764636 | B3: 46296 | C3: 00:10:37 | D3: Single | E3: Inferido (unidades BWD) | F3: 9 · Despachada | G3: 1 | H3: =+VLOOKUP(A3,BBDD!B:E,4,0) -> 1 | I3: =+H3-G3 -> 0 | J3: 0 | K3: 0 | L3: 1 | M3: 1 | N3: 46296 | O3: 0
A4: 0000764637 | B4: 46296 | C4: 00:10:38 | D4: Single | E4: BWD | F4: 9 · Despachada | G4: 1 | H4: =+VLOOKUP(A4,BBDD!B:E,4,0) -> 1 | I4: =+H4-G4 -> 0 | J4: 0 | K4: 0 | L4: 1 | M4: 1 | N4: 46296 | O4: 0
A5: 0000764638 | B5: 46296 | C5: 00:10:38 | D5: Single | E5: BWD | F5: 9 · Despachada | G5: 1 | H5: =+VLOOKUP(A5,BBDD!B:E,4,0) -> 1 | I5: =+H5-G5 -> 0 | J5: 0 | K5: 0 | L5: 1 | M5: 1 | N5: 46296 | O5: 0
A6: 0000764639 | B6: 46296 | C6: 00:10:38 | D6: Single | E6: Inferido (unidades BWD) | F6: 9 · Despachada | G6: 1 | H6: =+VLOOKUP(A6,BBDD!B:E,4,0) -> 1 | I6: =+H6-G6 -> 0 | J6: 0 | K6: 0 | L6: 1 | M6: 1 | N6: 46296 | O6: 0
A7: 0000764640 | B7: 46296 | C7: 00:10:38 | D7: Single | E7: Inferido (unidades BWD) | F7: 9 · Despachada | G7: 1 | H7: =+VLOOKUP(A7,BBDD!B:E,4,0) -> 1 | I7: =+H7-G7 -> 0 | J7: 0 | K7: 0 | L7: 1 | M7: 1 | N7: 46296 | O7: 0
A8: 0000764641 | B8: 46296 | C8: 00:10:38 | D8: Single | E8: BWD | F8: 9 · Despachada | G8: 1 | H8: =+VLOOKUP(A8,BBDD!B:E,4,0) -> 1 | I8: =+H8-G8 -> 0 | J8: 0 | K8: 0 | L8: 1 | M8: 1 | N8: 46296 | O8: 0
A9: 0000764642 | B9: 46296 | C9: 00:10:38 | D9: Single | E9: BWD | F9: 9 · Despachada | G9: 1 | H9: =+VLOOKUP(A9,BBDD!B:E,4,0) -> 1 | I9: =+H9-G9 -> 0 | J9: 0 | K9: 0 | L9: 1 | M9: 1 | N9: 46296 | O9: 0
A10: 0000764643 | B10: 46296 | C10: 00:10:38 | D10: Multi | E10: BWD | F10: 9 · Despachada | G10: 2 | H10: =+VLOOKUP(A10,BBDD!B:E,4,0) -> 2 | I10: =+H10-G10 -> 0 | J10: 0 | K10: 0 | L10: 2 | M10: 2 | N10: 46296 | O10: 0
A11: 0000764644 | B11: 46296 | C11: 00:15:37 | D11: Multi | E11: BWD | F11: 9 · Despachada | G11: 2 | H11: =+VLOOKUP(A11,BBDD!B:E,4,0) -> 2 | I11: =+H11-G11 -> 0 | J11: 0 | K11: 0 | L11: 2 | M11: 2 | N11: 46296 | O11: 0
A12: 0000764645 | B12: 46296 | C12: 00:15:37 | D12: Single | E12: Inferido (unidades BWD) | F12: 9 · Despachada | G12: 1 | H12: =+VLOOKUP(A12,BBDD!B:E,4,0) -> 1 | I12: =+H12-G12 -> 0 | J12: 0 | K12: 0 | L12: 1 | M12: 1 | N12: 46296 | O12: 0
A13: 0000764646 | B13: 46296 | C13: 00:15:37 | D13: Single | E13: Inferido (unidades BWD) | F13: 9 · Despachada | G13: 1 | H13: =+VLOOKUP(A13,BBDD!B:E,4,0) -> 1 | I13: =+H13-G13 -> 0 | J13: 0 | K13: 0 | L13: 1 | M13: 1 | N13: 46296 | O13: 0
... A635: 0000765547 | B635: 46297 | C635: 10:15:38 | D635: Single | E635: BWD | F635: 5 · Confirmada | G635: 1 | H635: =+VLOOKUP(A635,BBDD!B:E,4,0) -> 1 | I635: =+H635-G635 -> 0 | J635: 0 | K635: 0 | L635: 1 | M635: 1 | N635: 46297 | O635: 0
A636: 0000765548 | B636: 46297 | C636: 10:25:37 | D636: Multi | E636: BWD | F636: 2 · Asignada | G636: 2 | H636: =+VLOOKUP(A636,BBDD!B:E,4,0) -> 2 | I636: =+H636-G636 -> 0 | J636: 0 | K636: 0 | L636: 2 | M636: 0 | O636: 0
A637: 0000765549 | B637: 46297 | C637: 10:25:37 | D637: Single | E637: BWD | F637: 5 · Confirmada | G637: 1 | H637: =+VLOOKUP(A637,BBDD!B:E,4,0) -> 1 | I637: =+H637-G637 -> 0 | J637: 0 | K637: 0 | L637: 1 | M637: 1 | N637: 46297 | O637: 0
A638: 0000765550 | B638: 46297 | C638: 10:25:37 | D638: Single | E638: BWD | F638: 5 · Confirmada | G638: 1 | H638: =+VLOOKUP(A638,BBDD!B:E,4,0) -> 1 | I638: =+H638-G638 -> 0 | J638: 0 | K638: 0 | L638: 1 | M638: 1 | N638: 46297 | O638: 0
A639: 0000765551 | B639: 46297 | C639: 10:25:37 | D639: Multi | E639: BWD | F639: 5 · Confirmada | G639: 2 | H639: =+VLOOKUP(A639,BBDD!B:E,4,0) -> 2 | I639: =+H639-G639 -> 0 | J639: 0 | K639: 1 | L639: 1 | M639: 2 | N639: 46297 | O639: 0
A640: 0000765552 | B640: 46297 | C640: 10:25:38 | D640: Single | E640: BWD | F640: 5 · Confirmada | G640: 1 | H640: =+VLOOKUP(A640,BBDD!B:E,4,0) -> 1 | I640: =+H640-G640 -> 0 | J640: 0 | K640: 0 | L640: 1 | M640: 1 | N640: 46297 | O640: 0
A641: 0000765553 | B641: 46297 | C641: 10:25:38 | D641: Single | E641: BWD | F641: 5 · Confirmada | G641: 1 | H641: =+VLOOKUP(A641,BBDD!B:E,4,0) -> 1 | I641: =+H641-G641 -> 0 | J641: 1 | K641: 0 | L641: 0 | M641: 1 | N641: 46297 | O641: 0
A642: 0000765554 | B642: 46297 | C642: 10:25:38 | D642: Multi | E642: BWD | F642: 5 · Confirmada | G642: 3 | H642: =+VLOOKUP(A642,BBDD!B:E,4,0) -> 3 | I642: =+H642-G642 -> 0 | J642: 0 | K642: 2 | L642: 1 | M642: 3 | N642: 46297 | O642: 0
A643: 0000765555 | B643: 46297 | C643: 10:55:37 | D643: Single | E643: BWD | F643: 5 · Confirmada | G643: 1 | H643: =+VLOOKUP(A643,BBDD!B:E,4,0) -> 1 | I643: =+H643-G643 -> 0 | J643: 0 | K643: 0 | L643: 1 | M643: 1 | N643: 46297 | O643: 0
A644: 0000765556 | B644: 46297 | C644: 10:55:37 | D644: Multi | E644: BWD | F644: 5 · Confirmada | G644: 3 | H644: =+VLOOKUP(A644,BBDD!B:E,4,0) -> 3 | I644: =+H644-G644 -> 0 | J644: 0 | K644: 0 | L644: 3 | M644: 3 | N644: 46297 | O644: 0
A645: 0000765557 | B645: 46297 | C645: 10:55:37 | D645: Single | E645: BWD | F645: 5 · Confirmada | G645: 1 | H645: =+VLOOKUP(A645,BBDD!B:E,4,0) -> 1 | I645: =+H645-G645 -> 0 | J645: 0 | K645: 1 | L645: 0 | M645: 1 | N645: 46297 | O645: 0
A646: 0000765558 | B646: 46297 | C646: 10:55:38 | D646: Single | E646: BWD | F646: 5 · Confirmada | G646: 1 | H646: =+VLOOKUP(A646,BBDD!B:E,4,0) -> 1 | I646: =+H646-G646 -> 0 | J646: 0 | K646: 0 | L646: 1 | M646: 1 | N646: 46297 | O646: 0
A647: 0000765559 | B647: 46297 | C647: 10:55:38 | D647: Single | E647: BWD | F647: 5 · Confirmada | G647: 1 | H647: =+VLOOKUP(A647,BBDD!B:E,4,0) -> 1 | I647: =+H647-G647 -> 0 | J647: 0 | K647: 0 | L647: 1 | M647: 1 | N647: 46297 | O647: 0
A648: 0000765560 | B648: 46297 | C648: 10:55:38 | D648: Single | E648: BWD | F648: 5 · Confirmada | G648: 1 | H648: =+VLOOKUP(A648,BBDD!B:E,4,0) -> 1 | I648: =+H648-G648 -> 0 | J648: 0 | K648: 0 | L648: 1 | M648: 1 | N648: 46297 | O648: 0
... A654: 0000765566 | B654: 46297 | C654: 11:26:00 | D654: Multi | E654: BWD | F654: 5 · Confirmada | G654: 2 | H654: =+VLOOKUP(A654,BBDD!B:E,4,0) -> 2 | I654: =+H654-G654 -> 0 | J654: 0 | K654: 0 | L654: 2 | M654: 2 | N654: 46297 | O654: 0
A655: 0000765567 | B655: 46297 | C655: 11:26:00 | D655: Multi | E655: BWD | F655: 2 · Asignada | G655: 2 | H655: =+VLOOKUP(A655,BBDD!B:E,4,0) -> 2 | I655: =+H655-G655 -> 0 | J655: 0 | K655: 0 | L655: 2 | M655: 0 | O655: 0
A656: 0000765568 | B656: 46297 | C656: 11:26:00 | D656: Single | E656: BWD | F656: 5 · Confirmada | G656: 1 | H656: =+VLOOKUP(A656,BBDD!B:E,4,0) -> 1 | I656: =+H656-G656 -> 0 | J656: 0 | K656: 0 | L656: 1 | M656: 1 | N656: 46297 | O656: 0
A657: 0000765569 | B657: 46297 | C657: 11:26:01 | D657: Single | E657: BWD | F657: 5 · Confirmada | G657: 1 | H657: =+VLOOKUP(A657,BBDD!B:E,4,0) -> 1 | I657: =+H657-G657 -> 0 | J657: 0 | K657: 0 | L657: 1 | M657: 1 | N657: 46297 | O657: 0
A658: 0000765570 | B658: 46297 | C658: 11:26:01 | D658: Single | E658: BWD | F658: 5 · Confirmada | G658: 1 | H658: =+VLOOKUP(A658,BBDD!B:E,4,0) -> 1 | I658: =+H658-G658 -> 0 | J658: 0 | K658: 1 | L658: 0 | M658: 1 | N658: 46297 | O658: 0
A659: 0000765571 | B659: 46297 | C659: 11:26:01 | D659: Single | E659: BWD | F659: 2 · Asignada | G659: 1 | H659: =+VLOOKUP(A659,BBDD!B:E,4,0) -> 1 | I659: =+H659-G659 -> 0 | J659: 0 | K659: 0 | L659: 1 | M659: 0 | O659: 0
A660: 0000765572 | B660: 46297 | C660: 11:26:01 | D660: Single | E660: BWD | F660: 5 · Confirmada | G660: 1 | H660: =+VLOOKUP(A660,BBDD!B:E,4,0) -> 1 | I660: =+H660-G660 -> 0 | J660: 0 | K660: 0 | L660: 1 | M660: 1 | N660: 46297 | O660: 0
A661: 0000765573 | B661: 46297 | C661: 11:26:01 | D661: Single | E661: BWD | F661: 5 · Confirmada | G661: 1 | H661: =+VLOOKUP(A661,BBDD!B:E,4,0) -> 1 | I661: =+H661-G661 -> 0 | J661: 0 | K661: 0 | L661: 1 | M661: 1 | N661: 46297 | O661: 0
A662: 0000765574 | B662: 46297 | C662: 11:26:02 | D662: Single | E662: BWD | F662: 5 · Confirmada | G662: 1 | H662: =+VLOOKUP(A662,BBDD!B:E,4,0) -> 1 | I662: =+H662-G662 -> 0 | J662: 0 | K662: 0 | L662: 1 | M662: 1 | N662: 46297 | O662: 0
A663: 0000765575 | B663: 46297 | C663: 11:26:02 | D663: Single | E663: BWD | F663: 5 · Confirmada | G663: 1 | H663: =+VLOOKUP(A663,BBDD!B:E,4,0) -> 1 | I663: =+H663-G663 -> 0 | J663: 0 | K663: 0 | L663: 1 | M663: 1 | N663: 46297 | O663: 0
A664: 0000765576 | B664: 46297 | C664: 11:26:02 | D664: Single | E664: BWD | F664: 5 · Confirmada | G664: 1 | H664: =+VLOOKUP(A664,BBDD!B:E,4,0) -> 1 | I664: =+H664-G664 -> 0 | J664: 0 | K664: 1 | L664: 0 | M664: 1 | N664: 46297 | O664: 0
A665: 0000765577 | B665: 46297 | C665: 11:45:37 | D665: Single | E665: BWD | F665: 5 · Confirmada | G665: 1 | H665: =+VLOOKUP(A665,BBDD!B:E,4,0) -> 1 | I665: =+H665-G665 -> 0 | J665: 0 | K665: 0 | L665: 1 | M665: 1 | N665: 46297 | O665: 0
A666: 0000765578 | B666: 46297 | C666: 11:55:37 | D666: Single | E666: BWD | F666: 5 · Confirmada | G666: 1 | H666: =+VLOOKUP(A666,BBDD!B:E,4,0) -> 1 | I666: =+H666-G666 -> 0 | J666: 0 | K666: 0 | L666: 1 | M666: 1 | N666: 46297 | O666: 0
A667: 0000765579 | B667: 46297 | C667: 11:55:37 | D667: Single | E667: BWD | F667: 5 · Confirmada | G667: 1 | H667: =+VLOOKUP(A667,BBDD!B:E,4,0) -> 1 | I667: =+H667-G667 -> 0 | J667: 0 | K667: 0 | L667: 1 | M667: 1 | N667: 46297 | O667: 0
A668: 0000765580 | B668: 46297 | C668: 11:55:37 | D668: Multi | E668: BWD | F668: 5 · Confirmada | G668: 2 | H668: =+VLOOKUP(A668,BBDD!B:E,4,0) -> 2 | I668: =+H668-G668 -> 0 | J668: 0 | K668: 1 | L668: 1 | M668: 2 | N668: 46297 | O668: 0
A669: 0000765581 | B669: 46297 | C669: 11:55:38 | D669: Single | E669: BWD | F669: 5 · Confirmada | G669: 1 | H669: =+VLOOKUP(A669,BBDD!B:E,4,0) -> 1 | I669: =+H669-G669 -> 0 | J669: 0 | K669: 0 | L669: 1 | M669: 1 | N669: 46297 | O669: 0
A670: 0000765582 | B670: 46297 | C670: 11:55:38 | D670: Single | E670: BWD | F670: 5 · Confirmada | G670: 1 | H670: =+VLOOKUP(A670,BBDD!B:E,4,0) -> 1 | I670: =+H670-G670 -> 0 | J670: 0 | K670: 0 | L670: 1 | M670: 1 | N670: 46297 | O670: 0
A671: 0000765583 | B671: 46297 | C671: 11:55:38 | D671: Multi | E671: BWD | F671: 5 · Confirmada | G671: 2 | H671: =+VLOOKUP(A671,BBDD!B:E,4,0) -> 2 | I671: =+H671-G671 -> 0 | J671: 0 | K671: 2 | L671: 0 | M671: 2 | N671: 46297 | O671: 0
... A674: 0000765586 | B674: 46297 | C674: 11:55:38 | D674: Single | E674: BWD | F674: 5 · Confirmada | G674: 1 | H674: =+VLOOKUP(A674,BBDD!B:E,4,0) -> 1 | I674: =+H674-G674 -> 0 | J674: 0 | K674: 0 | L674: 1 | M674: 1 | N674: 46297 | O674: 0
A675: 0000765587 | B675: 46297 | C675: 11:55:39 | D675: Single | E675: BWD | F675: 2 · Asignada | G675: 1 | H675: =+VLOOKUP(A675,BBDD!B:E,4,0) -> 1 | I675: =+H675-G675 -> 0 | J675: 0 | K675: 0 | L675: 1 | M675: 0 | O675: 0
A676: 0000765588 | B676: 46297 | C676: 11:55:39 | D676: Single | E676: BWD | F676: 5 · Confirmada | G676: 1 | H676: =+VLOOKUP(A676,BBDD!B:E,4,0) -> 1 | I676: =+H676-G676 -> 0 | J676: 1 | K676: 0 | L676: 0 | M676: 1 | N676: 46297 | O676: 0
A677: 0000765589 | B677: 46297 | C677: 11:55:39 | D677: Single | E677: BWD | F677: 5 · Confirmada | G677: 1 | H677: =+VLOOKUP(A677,BBDD!B:E,4,0) -> 1 | I677: =+H677-G677 -> 0 | J677: 0 | K677: 0 | L677: 1 | M677: 1 | N677: 46297 | O677: 0
A678: 0000765590 | B678: 46297 | C678: 11:55:39 | D678: Single | E678: BWD | F678: 5 · Confirmada | G678: 1 | H678: =+VLOOKUP(A678,BBDD!B:E,4,0) -> 1 | I678: =+H678-G678 -> 0 | J678: 0 | K678: 0 | L678: 1 | M678: 1 | N678: 46297 | O678: 0
A679: 0000765604 | B679: 46297 | C679: 12:25:38 | D679: Single | E679: BWD | F679: 3 · En proceso | G679: 1 | H679: =+VLOOKUP(A679,BBDD!B:E,4,0) -> 1 | I679: =+H679-G679 -> 0 | J679: 0 | K679: 0 | L679: 1 | M679: 0 | O679: 0
A680: 0000765605 | B680: 46297 | C680: 12:25:38 | D680: Single | E680: BWD | F680: 5 · Confirmada | G680: 1 | H680: =+VLOOKUP(A680,BBDD!B:E,4,0) -> 1 | I680: =+H680-G680 -> 0 | J680: 0 | K680: 0 | L680: 1 | M680: 1 | N680: 46300 | O680: 0
A681: 0000765606 | B681: 46297 | C681: 12:25:38 | D681: Single | E681: BWD | F681: 5 · Confirmada | G681: 1 | H681: =+VLOOKUP(A681,BBDD!B:E,4,0) -> 1 | I681: =+H681-G681 -> 0 | J681: 0 | K681: 0 | L681: 1 | M681: 1 | N681: 46300 | O681: 0
A682: 0000765607 | B682: 46297 | C682: 12:25:38 | D682: Single | E682: BWD | F682: 5 · Confirmada | G682: 1 | H682: =+VLOOKUP(A682,BBDD!B:E,4,0) -> 1 | I682: =+H682-G682 -> 0 | J682: 1 | K682: 0 | L682: 0 | M682: 1 | N682: 46300 | O682: 0
A683: 0000765608 | B683: 46297 | C683: 12:25:38 | D683: Single | E683: BWD | F683: 5 · Confirmada | G683: 1 | H683: =+VLOOKUP(A683,BBDD!B:E,4,0) -> 1 | I683: =+H683-G683 -> 0 | J683: 0 | K683: 0 | L683: 1 | M683: 1 | N683: 46300 | O683: 0
A684: 0000765609 | B684: 46297 | C684: 12:25:39 | D684: Multi | E684: BWD | F684: 5 · Confirmada | G684: 2 | H684: =+VLOOKUP(A684,BBDD!B:E,4,0) -> 2 | I684: =+H684-G684 -> 0 | J684: 1 | K684: 0 | L684: 1 | M684: 2 | N684: 46300 | O684: 0
A685: 0000765610 | B685: 46297 | C685: 12:25:39 | D685: Multi | E685: BWD | F685: 5 · Confirmada | G685: 2 | H685: =+VLOOKUP(A685,BBDD!B:E,4,0) -> 2 | I685: =+H685-G685 -> 0 | J685: 0 | K685: 2 | L685: 0 | M685: 2 | N685: 46300 | O685: 0
A686: 0000765611 | B686: 46297 | C686: 12:25:39 | D686: Single | E686: BWD | F686: 3 · En proceso | G686: 1 | H686: =+VLOOKUP(A686,BBDD!B:E,4,0) -> 1 | I686: =+H686-G686 -> 0 | J686: 0 | K686: 0 | L686: 1 | M686: 0 | O686: 0
A687: 0000765612 | B687: 46297 | C687: 12:25:39 | D687: Multi | E687: BWD | F687: 5 · Confirmada | G687: 5 | H687: =+VLOOKUP(A687,BBDD!B:E,4,0) -> 5 | I687: =+H687-G687 -> 0 | J687: 0 | K687: 3 | L687: 2 | M687: 5 | N687: 46300 | O687: 0
A688: 0000765613 | B688: 46297 | C688: 12:25:39 | D688: Single | E688: BWD | F688: 5 · Confirmada | G688: 1 | H688: =+VLOOKUP(A688,BBDD!B:E,4,0) -> 1 | I688: =+H688-G688 -> 0 | J688: 0 | K688: 0 | L688: 1 | M688: 1 | N688: 46300 | O688: 0
A689: 0000765614 | B689: 46297 | C689: 12:25:39 | D689: Multi | E689: BWD | F689: 5 · Confirmada | G689: 2 | H689: =+VLOOKUP(A689,BBDD!B:E,4,0) -> 2 | I689: =+H689-G689 -> 0 | J689: 0 | K689: 2 | L689: 0 | M689: 2 | N689: 46300 | O689: 0
A690: 0000765615 | B690: 46297 | C690: 12:25:40 | D690: Multi | E690: BWD | F690: 5 · Confirmada | G690: 4 | H690: =+VLOOKUP(A690,BBDD!B:E,4,0) -> 4 | I690: =+H690-G690 -> 0 | J690: 1 | K690: 3 | L690: 0 | M690: 4 | N690: 46300 | O690: 0
A691: 0000765616 | B691: 46297 | C691: 12:25:40 | D691: Single | E691: BWD | F691: 5 · Confirmada | G691: 1 | H691: =+VLOOKUP(A691,BBDD!B:E,4,0) -> 1 | I691: =+H691-G691 -> 0 | J691: 0 | K691: 0 | L691: 1 | M691: 1 | N691: 46300 | O691: 0
A692: 0000765617 | B692: 46297 | C692: 12:25:40 | D692: Single | E692: BWD | F692: 5 · Confirmada | G692: 1 | H692: =+VLOOKUP(A692,BBDD!B:E,4,0) -> 1 | I692: =+H692-G692 -> 0 | J692: 0 | K692: 0 | L692: 1 | M692: 1 | N692: 46300 | O692: 0
A693: 0000765618 | B693: 46297 | C693: 12:55:38 | D693: Multi | E693: BWD | F693: 5 · Confirmada | G693: 2 | H693: =+VLOOKUP(A693,BBDD!B:E,4,0) -> 2 | I693: =+H693-G693 -> 0 | J693: 0 | K693: 1 | L693: 1 | M693: 2 | N693: 46300 | O693: 0
A694: 0000765619 | B694: 46297 | C694: 12:55:38 | D694: Single | E694: BWD | F694: 5 · Confirmada | G694: 1 | H694: =+VLOOKUP(A694,BBDD!B:E,4,0) -> 1 | I694: =+H694-G694 -> 0 | J694: 0 | K694: 0 | L694: 1 | M694: 1 | N694: 46300 | O694: 0
A695: 0000765620 | B695: 46297 | C695: 12:55:38 | D695: Multi | E695: BWD | F695: 2 · Asignada | G695: 2 | H695: =+VLOOKUP(A695,BBDD!B:E,4,0) -> 2 | I695: =+H695-G695 -> 0 | J695: 0 | K695: 0 | L695: 2 | M695: 0 | O695: 0
A696: 0000765621 | B696: 46297 | C696: 12:55:38 | D696: Multi | E696: BWD | F696: 5 · Confirmada | G696: 5 | H696: =+VLOOKUP(A696,BBDD!B:E,4,0) -> 5 | I696: =+H696-G696 -> 0 | J696: 2 | K696: 3 | L696: 0 | M696: 5 | N696: 46300 | O696: 0
A697: 0000765622 | B697: 46297 | C697: 12:55:38 | D697: Multi | E697: BWD | F697: 5 · Confirmada | G697: 3 | H697: =+VLOOKUP(A697,BBDD!B:E,4,0) -> 3 | I697: =+H697-G697 -> 0 | J697: 1 | K697: 0 | L697: 2 | M697: 3 | N697: 46300 | O697: 0
A698: 0000765623 | B698: 46297 | C698: 12:55:38 | D698: Single | E698: BWD | F698: 5 · Confirmada | G698: 1 | H698: =+VLOOKUP(A698,BBDD!B:E,4,0) -> 1 | I698: =+H698-G698 -> 0 | J698: 0 | K698: 0 | L698: 1 | M698: 1 | N698: 46300 | O698: 0
A699: 0000765624 | B699: 46297 | C699: 12:55:38 | D699: Multi | E699: BWD | F699: 5 · Confirmada | G699: 2 | H699: =+VLOOKUP(A699,BBDD!B:E,4,0) -> 2 | I699: =+H699-G699 -> 0 | J699: 0 | K699: 0 | L699: 2 | M699: 2 | N699: 46300 | O699: 0
A700: 0000765625 | B700: 46297 | C700: 12:55:39 | D700: Multi | E700: BWD | F700: 5 · Confirmada | G700: 3 | H700: =+VLOOKUP(A700,BBDD!B:E,4,0) -> 3 | I700: =+H700-G700 -> 0 | J700: 1 | K700: 0 | L700: 2 | M700: 3 | N700: 46300 | O700: 0
A701: 0000765626 | B701: 46297 | C701: 12:55:39 | D701: Multi | E701: BWD | F701: 5 · Confirmada | G701: 2 | H701: =+VLOOKUP(A701,BBDD!B:E,4,0) -> 2 | I701: =+H701-G701 -> 0 | J701: 0 | K701: 0 | L701: 2 | M701: 2 | N701: 46300 | O701: 0
A702: 0000765627 | B702: 46297 | C702: 12:55:39 | D702: Single | E702: BWD | F702: 5 · Confirmada | G702: 1 | H702: =+VLOOKUP(A702,BBDD!B:E,4,0) -> 1 | I702: =+H702-G702 -> 0 | J702: 1 | K702: 0 | L702: 0 | M702: 1 | N702: 46300 | O702: 0
A703: 0000765628 | B703: 46297 | C703: 12:55:39 | D703: Single | E703: BWD | F703: 5 · Confirmada | G703: 1 | H703: =+VLOOKUP(A703,BBDD!B:E,4,0) -> 1 | I703: =+H703-G703 -> 0 | J703: 0 | K703: 0 | L703: 1 | M703: 1 | N703: 46300 | O703: 0
A704: 0000765629 | B704: 46297 | C704: 12:55:39 | D704: Multi | E704: BWD | F704: 5 · Confirmada | G704: 2 | H704: =+VLOOKUP(A704,BBDD!B:E,4,0) -> 2 | I704: =+H704-G704 -> 0 | J704: 0 | K704: 2 | L704: 0 | M704: 2 | N704: 46300 | O704: 0
A705: 0000765630 | B705: 46297 | C705: 12:55:39 | D705: Single | E705: BWD | F705: 5 · Confirmada | G705: 1 | H705: =+VLOOKUP(A705,BBDD!B:E,4,0) -> 1 | I705: =+H705-G705 -> 0 | J705: 0 | K705: 0 | L705: 1 | M705: 1 | N705: 46300 | O705: 0
A706: 0000765631 | B706: 46297 | C706: 12:55:40 | D706: Single | E706: BWD | F706: 3 · En proceso | G706: 1 | H706: =+VLOOKUP(A706,BBDD!B:E,4,0) -> 1 | I706: =+H706-G706 -> 0 | J706: 0 | K706: 0 | L706: 1 | M706: 0 | O706: 0
A707: 0000765632 | B707: 46297 | C707: 12:55:40 | D707: Single | E707: BWD | F707: 5 · Confirmada | G707: 1 | H707: =+VLOOKUP(A707,BBDD!B:E,4,0) -> 1 | I707: =+H707-G707 -> 0 | J707: 0 | K707: 0 | L707: 1 | M707: 1 | N707: 46300 | O707: 0
A708: 0000765633 | B708: 46297 | C708: 12:55:40 | D708: Single | E708: BWD | F708: 5 · Confirmada | G708: 1 | H708: =+VLOOKUP(A708,BBDD!B:E,4,0) -> 1 | I708: =+H708-G708 -> 0 | J708: 1 | K708: 0 | L708: 0 | M708: 1 | N708: 46300 | O708: 0
A709: 0000765634 | B709: 46297 | C709: 12:55:40 | D709: Multi | E709: BWD | F709: 5 · Confirmada | G709: 2 | H709: =+VLOOKUP(A709,BBDD!B:E,4,0) -> 2 | I709: =+H709-G709 -> 0 | J709: 0 | K709: 0 | L709: 2 | M709: 2 | N709: 46300 | O709: 0
A710: 0000765635 | B710: 46297 | C710: 12:55:40 | D710: Single | E710: BWD | F710: 3 · En proceso | G710: 1 | H710: =+VLOOKUP(A710,BBDD!B:E,4,0) -> 1 | I710: =+H710-G710 -> 0 | J710: 0 | K710: 0 | L710: 1 | M710: 0 | O710: 0
A711: 0000765779 | B711: 46297 | C711: 13:15:37 | D711: Single | E711: BWD | F711: 5 · Confirmada | G711: 1 | H711: =+VLOOKUP(A711,BBDD!B:E,4,0) -> 1 | I711: =+H711-G711 -> 0 | J711: 0 | K711: 0 | L711: 1 | M711: 1 | N711: 46300 | O711: 0
A712: 0000765780 | B712: 46297 | C712: 13:15:37 | D712: Single | E712: BWD | F712: 3 · En proceso | G712: 1 | H712: =+VLOOKUP(A712,BBDD!B:E,4,0) -> 1 | I712: =+H712-G712 -> 0 | J712: 0 | K712: 0 | L712: 1 | M712: 0 | O712: 0
A713: 0000765781 | B713: 46297 | C713: 13:15:37 | D713: Single | E713: BWD | F713: 5 · Confirmada | G713: 1 | H713: =+VLOOKUP(A713,BBDD!B:E,4,0) -> 1 | I713: =+H713-G713 -> 0 | J713: 0 | K713: 0 | L713: 1 | M713: 1 | N713: 46300 | O713: 0
A714: 0000765782 | B714: 46297 | C714: 13:25:37 | D714: Multi | E714: BWD | F714: 5 · Confirmada | G714: 2 | H714: =+VLOOKUP(A714,BBDD!B:E,4,0) -> 2 | I714: =+H714-G714 -> 0 | J714: 0 | K714: 0 | L714: 2 | M714: 2 | N714: 46300 | O714: 0
A715: 0000765783 | B715: 46297 | C715: 13:25:37 | D715: Single | E715: BWD | F715: 5 · Confirmada | G715: 1 | H715: =+VLOOKUP(A715,BBDD!B:E,4,0) -> 1 | I715: =+H715-G715 -> 0 | J715: 1 | K715: 0 | L715: 0 | M715: 1 | N715: 46300 | O715: 0
A716: 0000765784 | B716: 46297 | C716: 13:25:38 | D716: Multi | E716: BWD | F716: 5 · Confirmada | G716: 2 | H716: =+VLOOKUP(A716,BBDD!B:E,4,0) -> 2 | I716: =+H716-G716 -> 0 | J716: 1 | K716: 1 | L716: 0 | M716: 2 | N716: 46300 | O716: 0
A717: 0000765785 | B717: 46297 | C717: 13:25:38 | D717: Single | E717: BWD | F717: 5 · Confirmada | G717: 1 | H717: =+VLOOKUP(A717,BBDD!B:E,4,0) -> 1 | I717: =+H717-G717 -> 0 | J717: 0 | K717: 0 | L717: 1 | M717: 1 | N717: 46300 | O717: 0
A718: 0000765786 | B718: 46297 | C718: 13:25:38 | D718: Single | E718: BWD | F718: 5 · Confirmada | G718: 1 | H718: =+VLOOKUP(A718,BBDD!B:E,4,0) -> 1 | I718: =+H718-G718 -> 0 | J718: 0 | K718: 0 | L718: 1 | M718: 1 | N718: 46300 | O718: 0
A719: 0000765787 | B719: 46297 | C719: 13:25:38 | D719: Single | E719: BWD | F719: 2 · Asignada | G719: 1 | H719: =+VLOOKUP(A719,BBDD!B:E,4,0) -> 1 | I719: =+H719-G719 -> 0 | J719: 0 | K719: 0 | L719: 1 | M719: 0 | O719: 0
A720: 0000765788 | B720: 46297 | C720: 13:25:38 | D720: Single | E720: BWD | F720: 5 · Confirmada | G720: 1 | H720: =+VLOOKUP(A720,BBDD!B:E,4,0) -> 1 | I720: =+H720-G720 -> 0 | J720: 0 | K720: 0 | L720: 1 | M720: 1 | N720: 46300 | O720: 0
A721: 0000765789 | B721: 46297 | C721: 13:25:38 | D721: Multi | E721: BWD | F721: 5 · Confirmada | G721: 3 | H721: =+VLOOKUP(A721,BBDD!B:E,4,0) -> 3 | I721: =+H721-G721 -> 0 | J721: 2 | K721: 0 | L721: 1 | M721: 3 | N721: 46300 | O721: 0
A722: 0000765790 | B722: 46297 | C722: 13:25:38 | D722: Single | E722: BWD | F722: 5 · Confirmada | G722: 1 | H722: =+VLOOKUP(A722,BBDD!B:E,4,0) -> 1 | I722: =+H722-G722 -> 0 | J722: 0 | K722: 0 | L722: 1 | M722: 1 | N722: 46300 | O722: 0
A723: 0000765791 | B723: 46297 | C723: 13:25:39 | D723: Single | E723: BWD | F723: 3 · En proceso | G723: 1 | H723: =+VLOOKUP(A723,BBDD!B:E,4,0) -> 1 | I723: =+H723-G723 -> 0 | J723: 0 | K723: 0 | L723: 1 | M723: 0 | O723: 0
A724: 0000765792 | B724: 46297 | C724: 13:25:39 | D724: Single | E724: BWD | F724: 5 · Confirmada | G724: 1 | H724: =+VLOOKUP(A724,BBDD!B:E,4,0) -> 1 | I724: =+H724-G724 -> 0 | J724: 0 | K724: 0 | L724: 1 | M724: 1 | N724: 46300 | O724: 0
A725: 0000765793 | B725: 46297 | C725: 13:25:39 | D725: Single | E725: BWD | F725: 2 · Asignada | G725: 1 | H725: =+VLOOKUP(A725,BBDD!B:E,4,0) -> 1 | I725: =+H725-G725 -> 0 | J725: 0 | K725: 0 | L725: 1 | M725: 0 | O725: 0
A726: 0000765794 | B726: 46297 | C726: 13:25:39 | D726: Single | E726: BWD | F726: 3 · En proceso | G726: 1 | H726: =+VLOOKUP(A726,BBDD!B:E,4,0) -> 1 | I726: =+H726-G726 -> 0 | J726: 0 | K726: 0 | L726: 1 | M726: 0 | O726: 0
A727: 0000765795 | B727: 46297 | C727: 13:25:39 | D727: Multi | E727: BWD | F727: 2 · Asignada | G727: 2 | H727: =+VLOOKUP(A727,BBDD!B:E,4,0) -> 2 | I727: =+H727-G727 -> 0 | J727: 0 | K727: 0 | L727: 2 | M727: 0 | O727: 0
A728: 0000765796 | B728: 46297 | C728: 13:25:39 | D728: Single | E728: BWD | F728: 5 · Confirmada | G728: 1 | H728: =+VLOOKUP(A728,BBDD!B:E,4,0) -> 1 | I728: =+H728-G728 -> 0 | J728: 0 | K728: 0 | L728: 1 | M728: 1 | N728: 46300 | O728: 0
...

Sheet BBDD
A1: seller_order | B1: Orderkey | C1: Cliente | D1: status | E1: qty_original | F1: qty_allocated | G1: qty_picked | H1: qty_shipped | I1: AddDate | J1: DeliveryDate | K1: Canal | L1: Categoria
A2: 0820444535 | B2: 0000764705 | C2: Doris Agustina Tello Adones | D2: 9 | E2: 1 | F2: 0 | G2: 0 | H2: 1 | I2: 2026-10-01 | J2: 2026-10-01 | K2: ECM | L2: Footwear
A3: 0820444536 | B3: 0000764706 | C3: Miguel Calfin | D3: 9 | E3: 1 | F3: 0 | G3: 0 | H3: 1 | I3: 2026-10-01 | J3: 2026-10-01 | K3: ECM | L3: Footwear
A4: 0820444537 | B4: 0000764707 | C4: Carolina Espinoza | D4: 9 | E4: 1 | F4: 0 | G4: 0 | H4: 1 | I4: 2026-10-01 | J4: 2026-10-01 | K4: ECM | L4: Footwear
A5: 0820444538 | B5: 0000764708 | C5: Miguel Angel Alvarez Arce | D5: 9 | E5: 1 | F5: 0 | G5: 0 | H5: 1 | I5: 2026-10-01 | J5: 2026-10-01 | K5: ECM | L5: Apparel
A6: 0820444544 | B6: 0000764714 | C6: Guillermo Villegas Veliz | D6: 9 | E6: 2 | F6: 0 | G6: 0 | H6: 2 | I6: 2026-10-01 | J6: 2026-10-01 | K6: ECM | L6: Accessories
A7: 0820444545 | B7: 0000764715 | C7: jose gonzalez | D7: 9 | E7: 1 | F7: 0 | G7: 0 | H7: 1 | I7: 2026-10-01 | J7: 2026-10-01 | K7: ECM | L7: Footwear
A8: 0820444546 | B8: 0000764716 | C8: Mayur Patel | D8: 9 | E8: 1 | F8: 0 | G8: 0 | H8: 1 | I8: 2026-10-01 | J8: 2026-10-01 | K8: ECM | L8: Footwear
A9: 0820444547 | B9: 0000764717 | C9: Elias Diaz Palominos | D9: 9 | E9: 1 | F9: 0 | G9: 0 | H9: 1 | I9: 2026-10-01 | J9: 2026-10-01 | K9: ECM | L9: Apparel
A10: 0820444553 | B10: 0000764723 | C10: Julian Eduardo Chavez Perez | D10: 9 | E10: 1 | F10: 0 | G10: 0 | H10: 1 | I10: 2026-10-01 | J10: 2026-10-01 | K10: ECM | L10: Apparel
A11: 0820444554 | B11: 0000764724 | C11: Jacqueline Donoso | D11: 9 | E11: 1 | F11: 0 | G11: 0 | H11: 1 | I11: 2026-10-01 | J11: 2026-10-01 | K11: ECM | L11: Footwear
A12: 0820444555 | B12: 0000764725 | C12: Abel Reinoso Parra | D12: 9 | E12: 3 | F12: 0 | G12: 0 | H12: 3 | I12: 2026-10-01 | J12: 2026-10-01 | K12: ECM | L12: Accessories
A13: 0820444556 | B13: 0000764726 | C13: Nicolás Jara | D13: 9 | E13: 2 | F13: 0 | G13: 0 | H13: 2 | I13: 2026-10-01 | J13: 2026-10-01 | K13: ECM | L13: Footwear
... A2152: 0820446739 | B2152: 0000765981 | C2152: Katty Carvajal | D2152: 2 | E2152: 1 | F2152: 1 | G2152: 0 | H2152: 0 | I2152: 2026-10-02 | J2152: 2026-10-02 | K2152: ECM | L2152: Footwear
A2153: 0820446741 | B2153: 0000765982 | C2153: Fernando Pinto | D2153: CANC | E2153: 1 | F2153: 0 | G2153: 0 | H2153: 0 | I2153: 2026-10-02 | J2153: 2026-10-02 | K2153: ECM | L2153: Footwear
A2154: 0820446742 | B2154: 0000765983 | C2154: Roberto Orellana | D2154: 5 | E2154: 2 | F2154: 0 | G2154: 2 | H2154: 0 | I2154: 2026-10-02 | J2154: 2026-10-02 | K2154: ECM | L2154: Footwear
A2155: 0820446743 | B2155: 0000765984 | C2155: silvia gonzalez | D2155: 5 | E2155: 2 | F2155: 0 | G2155: 2 | H2155: 0 | I2155: 2026-10-02 | J2155: 2026-10-02 | K2155: ECM | L2155: Footwear
A2156: 0820446745 | B2156: 0000765985 | C2156: Marcela Calderón | D2156: 3 | E2156: 1 | F2156: 1 | G2156: 0 | H2156: 0 | I2156: 2026-10-02 | J2156: 2026-10-02 | K2156: ECM | L2156: Footwear
A2157: 0820446744 | B2157: 0000765986 | C2157: Isabel Vejar | D2157: 5 | E2157: 1 | F2157: 0 | G2157: 1 | H2157: 0 | I2157: 2026-10-02 | J2157: 2026-10-02 | K2157: ECM | L2157: Footwear
A2158: 0820446746 | B2158: 0000765987 | C2158: Melissa rivera Castilla | D2158: 5 | E2158: 2 | F2158: 0 | G2158: 2 | H2158: 0 | I2158: 2026-10-02 | J2158: 2026-10-02 | K2158: ECM | L2158: Footwear
A2159: 0820446748 | B2159: 0000765988 | C2159: Teresa Onate | D2159: 5 | E2159: 1 | F2159: 0 | G2159: 1 | H2159: 0 | I2159: 2026-10-02 | J2159: 2026-10-02 | K2159: ECM | L2159: Footwear
A2160: 0820446747 | B2160: 0000765989 | C2160: karla constanza jaque parra | D2160: 5 | E2160: 1 | F2160: 0 | G2160: 1 | H2160: 0 | I2160: 2026-10-02 | J2160: 2026-10-02 | K2160: ECM | L2160: Apparel
A2161: 0820446749 | B2161: 0000765990 | C2161: Jisleiner Anais Jiménez Maluenda | D2161: 5 | E2161: 1 | F2161: 0 | G2161: 1 | H2161: 0 | I2161: 2026-10-02 | J2161: 2026-10-02 | K2161: ECM | L2161: Footwear
A2162: 0820446750 | B2162: 0000765991 | C2162: brainer perez | D2162: 3 | E2162: 1 | F2162: 1 | G2162: 0 | H2162: 0 | I2162: 2026-10-02 | J2162: 2026-10-02 | K2162: ECM | L2162: Apparel
A2163: 0820446751 | B2163: 0000765992 | C2163: Jose Miguel Cardenas Solis | D2163: 3 | E2163: 1 | F2163: 1 | G2163: 0 | H2163: 0 | I2163: 2026-10-02 | J2163: 2026-10-02 | K2163: ECM | L2163: Footwear
A2164: 0820446752 | B2164: 0000765993 | C2164: marcela polanco | D2164: 5 | E2164: 1 | F2164: 0 | G2164: 1 | H2164: 0 | I2164: 2026-10-02 | J2164: 2026-10-02 | K2164: ECM | L2164: Footwear
A2165: 0820446753 | B2165: 0000765994 | C2165: Nicolas Godoy | D2165: 5 | E2165: 3 | F2165: 0 | G2165: 3 | H2165: 0 | I2165: 2026-10-02 | J2165: 2026-10-02 | K2165: ECM | L2165: Footwear
... A3583: 0820449215 | B3583: 0000768163 | C3583: Ernestina Gallardo | D3583: 3 | E3583: 1 | F3583: 1 | G3583: 0 | H3583: 0 | I3583: 2026-10-05 | J3583: 2026-10-05 | K3583: ECM | L3583: Footwear
